{
  "IcoMoonType": "selection",
  "icons": [
    {
      "icon": {
        "paths": [
          "M132.198 711.219c-13.926 13.722-36.301 13.722-50.125 0s-13.875-35.891 0-49.613l404.89-400.896c13.824-13.722 36.198-13.722 50.125 0l404.89 400.896c13.824 13.722 13.824 35.891 0 49.613-13.875 13.722-36.301 13.722-50.074 0l-379.904-365.619-379.802 365.619z"
        ],
        "attrs": [],
        "isMulticolor": false,
        "isMulticolor2": false,
        "tags": [
          "chevron-thin-up"
        ],
        "grid": 20
      },
      "attrs": [],
      "properties": {
        "id": 44,
        "order": 12,
        "prevSize": 20,
        "code": 59648,
        "name": "chevron-thin-up"
      },
      "setIdx": 0,
      "setId": 2,
      "iconIdx": 43
    },
    {
      "icon": {
        "paths": [
          "M0 64v640h1024v-640h-1024zM960 640h-896v-512h896v512zM672 768h-320l-32 128-64 64h512l-64-64z"
        ],
        "tags": [
          "display",
          "screen",
          "monitor",
          "computer",
          "desktop",
          "pc"
        ],
        "defaultCode": 59734,
        "grid": 16,
        "attrs": []
      },
      "attrs": [],
      "properties": {
        "ligatures": "display, screen",
        "name": "display",
        "order": 2,
        "id": 87,
        "prevSize": 32,
        "code": 59734
      },
      "setIdx": 1,
      "setId": 1,
      "iconIdx": 86
    },
    {
      "icon": {
        "paths": [
          "M512 0c-282.8 0-512 229.2-512 512s229.2 512 512 512 512-229.2 512-512-229.2-512-512-512zM384 768c-141.6 0-256-114.4-256-256s114.4-256 256-256c69.2 0 127 25.2 171.6 67l-69.6 66.8c-19-18.2-52.2-39.4-102-39.4-87.4 0-158.8 72.4-158.8 161.6s71.4 161.6 158.8 161.6c101.4 0 139.4-72.8 145.2-110.4h-145.2v-87.8h241.8c2.2 12.8 4 25.6 4 42.4 0 146.4-98 250.2-245.8 250.2zM832 512v64h-64v-64h-64v-64h64v-64h64v64h64v64h-64z"
        ],
        "tags": [
          "google-plus",
          "brand",
          "social"
        ],
        "defaultCode": 60045,
        "grid": 16,
        "attrs": []
      },
      "attrs": [],
      "properties": {
        "ligatures": "google-plus3, brand7",
        "name": "google-plus3",
        "order": 10,
        "id": 398,
        "prevSize": 32,
        "code": 60045
      },
      "setIdx": 1,
      "setId": 1,
      "iconIdx": 397
    },
    {
      "icon": {
        "paths": [
          "M928 0h-832c-52.8 0-96 43.2-96 96v832c0 52.8 43.2 96 96 96h416v-448h-128v-128h128v-64c0-105.8 86.2-192 192-192h128v128h-128c-35.2 0-64 28.8-64 64v64h192l-32 128h-160v448h288c52.8 0 96-43.2 96-96v-832c0-52.8-43.2-96-96-96z"
        ],
        "tags": [
          "facebook",
          "brand",
          "social"
        ],
        "defaultCode": 60049,
        "grid": 16,
        "attrs": []
      },
      "attrs": [],
      "properties": {
        "ligatures": "facebook2, brand11",
        "name": "facebook2",
        "order": 3,
        "id": 402,
        "prevSize": 32,
        "code": 60049
      },
      "setIdx": 1,
      "setId": 1,
      "iconIdx": 401
    },
    {
      "icon": {
        "paths": [
          "M1024 226.4c-37.6 16.8-78.2 28-120.6 33 43.4-26 76.6-67.2 92.4-116.2-40.6 24-85.6 41.6-133.4 51-38.4-40.8-93-66.2-153.4-66.2-116 0-210 94-210 210 0 16.4 1.8 32.4 5.4 47.8-174.6-8.8-329.4-92.4-433-219.6-18 31-28.4 67.2-28.4 105.6 0 72.8 37 137.2 93.4 174.8-34.4-1-66.8-10.6-95.2-26.2 0 0.8 0 1.8 0 2.6 0 101.8 72.4 186.8 168.6 206-17.6 4.8-36.2 7.4-55.4 7.4-13.6 0-26.6-1.4-39.6-3.8 26.8 83.4 104.4 144.2 196.2 146-72 56.4-162.4 90-261 90-17 0-33.6-1-50.2-3 93.2 59.8 203.6 94.4 322.2 94.4 386.4 0 597.8-320.2 597.8-597.8 0-9.2-0.2-18.2-0.6-27.2 41-29.4 76.6-66.4 104.8-108.6z"
        ],
        "tags": [
          "twitter",
          "brand",
          "tweet",
          "social"
        ],
        "defaultCode": 60054,
        "grid": 16,
        "attrs": []
      },
      "attrs": [],
      "properties": {
        "ligatures": "twitter, brand16",
        "name": "twitter",
        "order": 7,
        "id": 407,
        "prevSize": 32,
        "code": 60054
      },
      "setIdx": 1,
      "setId": 1,
      "iconIdx": 406
    },
    {
      "icon": {
        "paths": [
          "M928 0h-832c-52.8 0-96 43.2-96 96v832c0 52.8 43.2 96 96 96h832c52.8 0 96-43.2 96-96v-832c0-52.8-43.2-96-96-96zM279 831.2c-48 0-87-38.6-87-86.6 0-47.6 39-86.8 87-86.8 48.2 0 87 39.2 87 86.8 0 48-39 86.6-87 86.6zM497.4 832c0-81.8-31.8-158.8-89.4-216.4-57.8-57.8-134.4-89.6-216-89.6v-125.2c237.6 0 431.2 193.4 431.2 431.2h-125.8zM719.6 832c0-291-236.6-528-527.4-528v-125.2c360 0 653 293.2 653 653.2h-125.6z"
        ],
        "tags": [
          "feed",
          "rss",
          "social"
        ],
        "defaultCode": 60060,
        "grid": 16,
        "attrs": []
      },
      "attrs": [],
      "properties": {
        "ligatures": "feed3, rss2",
        "name": "rss2",
        "order": 6,
        "id": 413,
        "prevSize": 32,
        "code": 60060
      },
      "setIdx": 1,
      "setId": 1,
      "iconIdx": 412
    },
    {
      "icon": {
        "paths": [
          "M1013.8 307.2c0 0-10-70.6-40.8-101.6-39-40.8-82.6-41-102.6-43.4-143.2-10.4-358.2-10.4-358.2-10.4h-0.4c0 0-215 0-358.2 10.4-20 2.4-63.6 2.6-102.6 43.4-30.8 31-40.6 101.6-40.6 101.6s-10.2 82.8-10.2 165.8v77.6c0 82.8 10.2 165.8 10.2 165.8s10 70.6 40.6 101.6c39 40.8 90.2 39.4 113 43.8 82 7.8 348.2 10.2 348.2 10.2s215.2-0.4 358.4-10.6c20-2.4 63.6-2.6 102.6-43.4 30.8-31 40.8-101.6 40.8-101.6s10.2-82.8 10.2-165.8v-77.6c-0.2-82.8-10.4-165.8-10.4-165.8zM406.2 644.8v-287.8l276.6 144.4-276.6 143.4z"
        ],
        "tags": [
          "youtube",
          "brand",
          "social"
        ],
        "defaultCode": 60061,
        "grid": 16,
        "attrs": []
      },
      "attrs": [],
      "properties": {
        "ligatures": "youtube, brand21",
        "name": "youtube",
        "order": 5,
        "id": 414,
        "prevSize": 32,
        "code": 60061
      },
      "setIdx": 1,
      "setId": 1,
      "iconIdx": 413
    },
    {
      "icon": {
        "paths": [
          "M928 0h-832c-52.8 0-96 43.2-96 96v832c0 52.8 43.2 96 96 96h832c52.8 0 96-43.2 96-96v-832c0-52.8-43.2-96-96-96zM896 648c0 137-111.4 248-249.4 248h-268.8c-138 0-249.8-111-249.8-248v-272c0-137 111.8-248 249.8-248h125.8c138 0 248.4 103 248.4 240 1.8 25.6 25 48 51.2 48h43c27.6 0 49.6 29 49.6 56.4v175.6z",
          "M704 640c0 35.2-28.8 64-64 64h-256c-35.2 0-64-28.8-64-64v0c0-35.2 28.8-64 64-64h256c35.2 0 64 28.8 64 64v0z",
          "M576 384c0 35.2-28.8 64-64 64h-128c-35.2 0-64-28.8-64-64v0c0-35.2 28.8-64 64-64h128c35.2 0 64 28.8 64 64v0z"
        ],
        "tags": [
          "blogger",
          "brand",
          "social"
        ],
        "defaultCode": 60088,
        "grid": 16,
        "attrs": []
      },
      "attrs": [],
      "properties": {
        "ligatures": "blogger2, brand48",
        "name": "blogger2",
        "order": 9,
        "id": 441,
        "prevSize": 32,
        "code": 60088
      },
      "setIdx": 1,
      "setId": 1,
      "iconIdx": 440
    }
  ],
  "height": 1024,
  "metadata": {
    "name": "sube"
  },
  "preferences": {
    "showGlyphs": true,
    "showQuickUse": true,
    "showQuickUse2": true,
    "showSVGs": true,
    "fontPref": {
      "prefix": "icon-",
      "metadata": {
        "fontFamily": "sube",
        "majorVersion": 1,
        "minorVersion": 0
      },
      "metrics": {
        "emSize": 1024,
        "baseline": 6.25,
        "whitespace": 50
      },
      "embed": false
    },
    "imagePref": {
      "prefix": "icon-",
      "png": true,
      "useClassSelector": true,
      "color": 0,
      "bgColor": 16777215,
      "classSelector": ".icon"
    },
    "historySize": 50,
    "showCodes": true,
    "gridSize": 16
  }
}